{
    "properties": {
        "version": 1,
        "multi_pag": false,
        "width": 1080,
        "height": 1920,
        "pag_num": 1,
        "pag_duration": 5200000
    },
    "pag_items": [
        {
            "pag_type": 1,
            "key": "1",
            "path": "main.pag",
            "duration": 5200000,
            "replacement": [
                {
                    "index": 0,
                    "replace_type": 1,
                    "replace_index": 0,
                    "scale_mode": 7,
                    "width": 1080,
                    "height": 1920
                },
                {
                    "index": 1,
                    "replace_type": 1,
                    "replace_index": 1,
                    "scale_mode": 7,
                    "width": 564,
                    "height": 705
                },
                {
                    "index": 2,
                    "replace_type": 1,
                    "replace_index": 2,
                    "scale_mode": 7,
                    "width": 564,
                    "height": 1002
                },
                {
                    "index": 3,
                    "replace_type": 1,
                    "replace_index": 3,
                    "scale_mode": 7,
                    "width": 700,
                    "height": 700
                },
                {
                    "index": 4,
                    "replace_type": 1,
                    "replace_index": 0,
                    "scale_mode": 1,
                    "width": 542,
                    "height": 960
                },
                {
                    "index": 5,
                    "replace_type": 1,
                    "replace_index": 1,
                    "scale_mode": 1,
                    "width": 564,
                    "height": 705
                },
                {
                    "index": 6,
                    "replace_type": 1,
                    "replace_index": 2,
                    "scale_mode": 1,
                    "width": 564,
                    "height": 1002
                },
                {
                    "index": 7,
                    "replace_type": 1,
                    "replace_index": 3,
                    "scale_mode": 1,
                    "width": 700,
                    "height": 700
                }
            ]
        }
    ]
}