{
    "properties": {
        "version": 1,
        "multi_pag": true,
        "width": 1080,
        "height": 1920,
        "pag_num": 3,
        "pag_duration": 5200000
    },
    "pag_items": [
        {
            "pag_type": 1,
            "key": "1",
            "path": "pag_test_multi_1.pag",
            "start_time_offset": 0,
            "duration": 2400000,
            "replacement": [
                {
                    "index": 0,
                    "replace_type": 1,
                    "replace_index": 0,
                    "scale_mode": 7,
                    "width": 1080,
                    "height": 1920
                },
                {
                    "index": 1,
                    "replace_type": 1,
                    "replace_index": 1,
                    "scale_mode": 7,
                    "width": 564,
                    "height": 705
                },
                {
                    "index": 2,
                    "replace_type": 1,
                    "replace_index": 0,
                    "scale_mode": 1,
                    "width": 562,
                    "height": 960
                },
                {
                    "index": 3,
                    "replace_type": 1,
                    "replace_index": 1,
                    "scale_mode": 1,
                    "width": 564,
                    "height": 705
                }
            ]
        },
        {
            "pag_type": 1,
            "key": "2",
            "start_time_offset": 1400000,
            "path": "pag_test_multi_2.pag",
            "duration": 2400000,
            "replacement": [
                {
                    "index": 0,
                    "replace_type": 1,
                    "replace_index": 1,
                    "scale_mode": 7,
                    "width": 564,
                    "height": 705
                },
                {
                    "index": 1,
                    "replace_type": 1,
                    "replace_index": 2,
                    "scale_mode": 7,
                    "width": 564,
                    "height": 1002
                },
                {
                    "index": 2,
                    "replace_type": 1,
                    "replace_index": 1,
                    "scale_mode": 1,
                    "width": 564,
                    "height": 705
                },
                {
                    "index": 3,
                    "replace_type": 1,
                    "replace_index": 2,
                    "scale_mode": 1,
                    "width": 564,
                    "height": 1002
                }
            ]
        },
        {
            "pag_type": 1,
            "key": "3",
            "start_time_offset": 2800000,
            "path": "pag_test_multi_3.pag",
            "duration": 2400000,
            "replacement": [
                {
                    "index": 0,
                    "replace_type": 1,
                    "replace_index": 2,
                    "scale_mode": 7,
                    "width": 564,
                    "height": 1002
                },
                {
                    "index": 1,
                    "replace_type": 1,
                    "replace_index": 3,
                    "scale_mode": 7,
                    "width": 700,
                    "height": 700
                },
                {
                    "index": 2,
                    "replace_type": 1,
                    "replace_index": 2,
                    "scale_mode": 1,
                    "width": 564,
                    "height": 1002
                },
                {
                    "index": 3,
                    "replace_type": 1,
                    "replace_index": 3,
                    "scale_mode": 1,
                    "width": 700,
                    "height": 700
                }
            ]
        }
    ]
}