{
    "properties": {
        "version": 1,
        "multi_pag": true,
        "width": 1080,
        "height": 1920,
        "pag_num": 5,
        "source_count": 3,
        "ignore_tip": 1,
        "pag_duration": 3800000
    },
    "pag_items": [
        {
            "pag_type": 1,
            "key": "1",
            "path": "pag_multi_1.pag",
            "start_time_offset": 0,
            "duration": 1000000,
            "replacement": [
                {
                    "index": 0,
                    "replace_type": 1,
                    "replace_index": 0,
                    "scale_mode": 7,
                    "width": 1080,
                    "height": 1920
                },
                {
                    "index": 1,
                    "replace_type": 1,
                    "replace_index": 0,
                    "scale_mode": 1,
                    "width": 564,
                    "height": 705
                }
            ]
        },
        {
            "pag_type": 1,
            "key": "2",
            "start_time_offset": 1000000,
            "path": "pag_multi_2.pag",
            "duration": 400000,
            "replacement": [
                {
                    "index": 0,
                    "replace_type": 1,
                    "replace_index": 0,
                    "scale_mode": 7,
                    "width": 1080,
                    "height": 1920
                },
                {
                    "index": 1,
                    "replace_type": 1,
                    "replace_index": 1,
                    "scale_mode": 7,
                    "width": 564,
                    "height": 1002
                },
                {
                    "index": 2,
                    "replace_type": 1,
                    "replace_index": 0,
                    "scale_mode": 1,
                    "width": 564,
                    "height": 705
                },
                {
                    "index": 3,
                    "replace_type": 1,
                    "replace_index": 1,
                    "scale_mode": 1,
                    "width": 564,
                    "height": 1002
                }
            ]
        },
        {
            "pag_type": 1,
            "key": "3",
            "path": "pag_multi_3.pag",
            "start_time_offset": 2400000,
            "duration": 1000000,
            "replacement": [
                {
                    "index": 0,
                    "replace_type": 1,
                    "replace_index": 1,
                    "scale_mode": 7,
                    "width": 564,
                    "height": 750
                },
                {
                    "index": 1,
                    "replace_type": 1,
                    "replace_index": 1,
                    "scale_mode": 1,
                    "width": 564,
                    "height": 705
                }
            ]
        },
        {
            "pag_type": 1,
            "key": "4",
            "start_time_offset": 340000,
            "path": "pag_multi_4.pag",
            "duration": 400000,
            "replacement": [
                {
                    "index": 0,
                    "replace_type": 1,
                    "replace_index": 1,
                    "scale_mode": 7,
                    "width": 564,
                    "height": 705
                },
                {
                    "index": 1,
                    "replace_type": 1,
                    "replace_index": 2,
                    "scale_mode": 7,
                    "width": 564,
                    "height": 1002
                },
                {
                    "index": 2,
                    "replace_type": 1,
                    "replace_index": 1,
                    "scale_mode": 1,
                    "width": 564,
                    "height": 1002
                },
                {
                    "index": 3,
                    "replace_type": 1,
                    "replace_index": 2,
                    "scale_mode": 1,
                    "width": 564,
                    "height": 1002
                }
            ]
        },
        {
            "pag_type": 1,
            "key": "5",
            "path": "pag_multi_5.pag",
            "start_time_offset": 3800000,
            "duration": 1000000,
            "replacement": [
                {
                    "index": 0,
                    "replace_type": 1,
                    "replace_index": 2,
                    "scale_mode": 7,
                    "width": 564,
                    "height": 1002
                },
                {
                    "index": 1,
                    "replace_type": 1,
                    "replace_index": 2,
                    "scale_mode": 1,
                    "width": 564,
                    "height": 1002
                }
            ]
        }
    ]
}