{
    "properties": {
        "version": 1,
        "multi_pag": true,
        "width": 1080,
        "height": 1920,
        "pag_num": 17,
        "source_count": 9,
        "ignore_tip": 1,
        "pag_duration": 12200000
    },
    "pag_items": [
        {
            "pag_type": 1,
            "key": "1",
            "path": "alpha_p1.pag",
            "replacement": [
                {
                    "index": 0,
                    "replace_type": 1,
                    "replace_index": 0,
                    "scale_mode": 7,
                    "width": 1080,
                    "height": 1920
                }
            ]
        },
        {
            "pag_type": 1,
            "key": "2",
            "path": "alpha_g1.pag",
            "replacement": [
                {
                    "index": 0,
                    "replace_type": 1,
                    "replace_index": 1,
                    "scale_mode": 7,
                    "width": 1080,
                    "height": 1920
                },
                {
                    "index": 1,
                    "replace_type": 1,
                    "replace_index": 0,
                    "scale_mode": 7,
                    "width": 1080,
                    "height": 1920
                }
            ]
        },
        {
            "pag_type": 1,
            "key": "3",
            "path": "alpha_p2.pag",
            "replacement": [
                {
                    "index": 0,
                    "replace_type": 1,
                    "replace_index": 1,
                    "scale_mode": 7,
                    "width": 1080,
                    "height": 1920
                }
            ]
        },
        {
            "pag_type": 1,
            "key": "4",
            "path": "alpha_g2.pag",
            "replacement": [
                {
                    "index": 0,
                    "replace_type": 1,
                    "replace_index": 2,
                    "scale_mode": 7,
                    "width": 1080,
                    "height": 1920
                },
                {
                    "index": 1,
                    "replace_type": 1,
                    "replace_index": 1,
                    "scale_mode": 7,
                    "width": 1080,
                    "height": 1920
                }
            ]
        },
        {
            "pag_type": 1,
            "key": "5",
            "path": "alpha_p3.pag",
            "replacement": [
                {
                    "index": 0,
                    "replace_type": 1,
                    "replace_index": 2,
                    "scale_mode": 7,
                    "width": 1080,
                    "height": 1920
                }
            ]
        },
        {
            "pag_type": 1,
            "key": "6",
            "path": "alpha_g3.pag",
            "replacement": [
                {
                    "index": 0,
                    "replace_type": 1,
                    "replace_index": 3,
                    "scale_mode": 7,
                    "width": 1080,
                    "height": 1920
                },
                {
                    "index": 1,
                    "replace_type": 1,
                    "replace_index": 2,
                    "scale_mode": 7,
                    "width": 1080,
                    "height": 1920
                }
            ]
        },
        {
            "pag_type": 1,
            "key": "7",
            "path": "alpha_p4.pag",
            "replacement": [
                {
                    "index": 0,
                    "replace_type": 1,
                    "replace_index": 3,
                    "scale_mode": 7,
                    "width": 1080,
                    "height": 1920
                }
            ]
        },
        {
            "pag_type": 1,
            "key": "8",
            "path": "alpha_g4.pag",
            "replacement": [
                {
                    "index": 0,
                    "replace_type": 1,
                    "replace_index": 4,
                    "scale_mode": 7,
                    "width": 1080,
                    "height": 1920
                },
                {
                    "index": 1,
                    "replace_type": 1,
                    "replace_index": 3,
                    "scale_mode": 7,
                    "width": 1080,
                    "height": 1920
                }
            ]
        },
        {
            "pag_type": 1,
            "key": "9",
            "path": "alpha_p5.pag",
            "replacement": [
                {
                    "index": 0,
                    "replace_type": 1,
                    "replace_index": 4,
                    "scale_mode": 7,
                    "width": 1080,
                    "height": 1920
                }
            ]
        },
        {
            "pag_type": 1,
            "key": "10",
            "path": "alpha_g5.pag",
            "replacement": [
                {
                    "index": 0,
                    "replace_type": 1,
                    "replace_index": 5,
                    "scale_mode": 7,
                    "width": 1080,
                    "height": 1920
                },
                {
                    "index": 1,
                    "replace_type": 1,
                    "replace_index": 4,
                    "scale_mode": 7,
                    "width": 1080,
                    "height": 1920
                }
            ]
        },
        {
            "pag_type": 1,
            "key": "11",
            "path": "alpha_p6.pag",
            "replacement": [
                {
                    "index": 0,
                    "replace_type": 1,
                    "replace_index": 5,
                    "scale_mode": 7,
                    "width": 1080,
                    "height": 1920
                }
            ]
        },
        {
            "pag_type": 1,
            "key": "12",
            "path": "alpha_g6.pag",
            "replacement": [
                {
                    "index": 0,
                    "replace_type": 1,
                    "replace_index": 6,
                    "scale_mode": 7,
                    "width": 1080,
                    "height": 1920
                },
                {
                    "index": 1,
                    "replace_type": 1,
                    "replace_index": 5,
                    "scale_mode": 7,
                    "width": 1080,
                    "height": 1920
                }
            ]
        },
        {
            "pag_type": 1,
            "key": "12",
            "path": "alpha_p7.pag",
            "replacement": [
                {
                    "index": 0,
                    "replace_type": 1,
                    "replace_index": 6,
                    "scale_mode": 7,
                    "width": 1080,
                    "height": 1920
                }
            ]
        },
        {
            "pag_type": 1,
            "key": "13",
            "path": "alpha_g7.pag",
            "replacement": [
                {
                    "index": 0,
                    "replace_type": 1,
                    "replace_index": 7,
                    "scale_mode": 7,
                    "width": 1080,
                    "height": 1920
                },
                {
                    "index": 1,
                    "replace_type": 1,
                    "replace_index": 6,
                    "scale_mode": 7,
                    "width": 1080,
                    "height": 1920
                }
            ]
        },
        {
            "pag_type": 1,
            "key": "14",
            "path": "alpha_p8.pag",
            "replacement": [
                {
                    "index": 0,
                    "replace_type": 1,
                    "replace_index": 7,
                    "scale_mode": 7,
                    "width": 1080,
                    "height": 1920
                }
            ]
        },
        {
            "pag_type": 1,
            "key": "15",
            "path": "alpha_g8.pag",
            "replacement": [
                {
                    "index": 0,
                    "replace_type": 1,
                    "replace_index": 8,
                    "scale_mode": 7,
                    "width": 1080,
                    "height": 1920
                },
                {
                    "index": 1,
                    "replace_type": 1,
                    "replace_index": 7,
                    "scale_mode": 7,
                    "width": 1080,
                    "height": 1920
                }
            ]
        },
        {
            "pag_type": 1,
            "key": "16",
            "path": "alpha_p9.pag",
            "replacement": [
                {
                    "index": 0,
                    "replace_type": 1,
                    "replace_index": 8,
                    "scale_mode": 7,
                    "width": 1080,
                    "height": 1920
                }
            ]
        }
    ]
}
