{"properties":{"version":1,"multi_pag":true,"width":1080,"height":1920,"pag_num":17,"source_count":9,"ignore_tip":1,"pag_duration":12200000,"pag_group_model":1},"pag_items":[{"pag_type":1,"key":"1","path":"alpha_p1.pag","replacement":[{"index":0,"replace_type":1,"replace_index":0,"scale_mode":7,"width":1080,"height":1920}]},{"pag_type":1,"key":"2","path":"alpha_g1.pag","replacement":[{"index":0,"replace_type":1,"replace_index":1,"scale_mode":7,"width":1080,"height":1920},{"index":1,"replace_type":1,"replace_index":0,"scale_mode":7,"width":1080,"height":1920}]},{"pag_type":1,"key":"3","path":"alpha_p2.pag","replacement":[{"index":0,"replace_type":1,"replace_index":1,"scale_mode":7,"width":1080,"height":1920}]}]}